url,name,description,adaptive_support,remote_support,duration,test_type
https://www.shl.com/products/product-catalog/view/account-manager-solution/,Account Manager Solution,,Yes,Yes,30,Competencies|Personality & Behavior|Ability & Aptitude|Biodata & Situational Judgement
https://www.shl.com/products/product-catalog/view/administrative-professional-short-form/,Administrative Professional - Short Form,,Yes,Yes,30,Ability & Aptitude|Knowledge & Skills|Personality & Behavior
https://www.shl.com/products/product-catalog/view/agency-manager-solution/,Agency Manager Solution,,Yes,Yes,30,Ability & Aptitude|Biodata & Situational Judgement|Personality & Behavior|Simulations
https://www.shl.com/products/product-catalog/view/apprentice-8-0-job-focused-assessment-4261/,Apprentice + 8.0 Job Focused Assessment,,No,Yes,30,Biodata & Situational Judgement|Personality & Behavior
https://www.shl.com/products/product-catalog/view/apprentice-8-0-job-focused-assessment/,Apprentice 8.0 Job Focused Assessment,,No,Yes,30,Biodata & Situational Judgement|Personality & Behavior
https://www.shl.com/products/product-catalog/view/bank-administrative-assistant-short-form/,Bank Administrative Assistant - Short Form,,No,Yes,30,Ability & Aptitude|Biodata & Situational Judgement|Knowledge & Skills|Personality & Behavior
https://www.shl.com/products/product-catalog/view/bank-collections-agent-short-form/,Bank Collections Agent - Short Form,,No,Yes,30,Ability & Aptitude|Biodata & Situational Judgement|Personality & Behavior
https://www.shl.com/products/product-catalog/view/bank-operations-supervisor-short-form/,Bank Operations Supervisor - Short Form,,Yes,Yes,30,Ability & Aptitude|Biodata & Situational Judgement|Personality & Behavior|Simulations
https://www.shl.com/products/product-catalog/view/bilingual-spanish-reservation-agent-solution/,Bilingual Spanish Reservation Agent Solution,,Yes,Yes,30,Biodata & Situational Judgement|Personality & Behavior|Simulations|Ability & Aptitude
https://www.shl.com/products/product-catalog/view/bookkeeping-accounting-auditing-clerk-short-form/,"Bookkeeping, Accounting, Auditing Clerk Short Form",,Yes,Yes,30,Personality & Behavior|Simulations|Knowledge & Skills|Biodata & Situational Judgement|Ability & Aptitude
https://www.shl.com/products/product-catalog/view/branch-manager-short-form/,Branch Manager - Short Form,,No,Yes,30,Ability & Aptitude|Biodata & Situational Judgement|Personality & Behavior
https://www.shl.com/products/product-catalog/view/cashier-solution/,Cashier Solution,,Yes,Yes,30,Biodata & Situational Judgement|Ability & Aptitude|Personality & Behavior
https://www.shl.com/products/product-catalog/view/adobe-experience-manager-new/,Adobe Experience Manager (New),,No,Yes,30,Knowledge & Skills
https://www.shl.com/products/product-catalog/view/adobe-photoshop-cc/,Adobe Photoshop CC,,Yes,Yes,30,Knowledge & Skills
https://www.shl.com/products/product-catalog/view/aeronautical-engineering-new/,Aeronautical Engineering (New),,No,Yes,30,Knowledge & Skills
https://www.shl.com/products/product-catalog/view/aerospace-engineering-new/,Aerospace Engineering (New),,No,Yes,30,Knowledge & Skills
https://www.shl.com/products/product-catalog/view/agile-software-development/,Agile Software Development,,No,Yes,30,Knowledge & Skills
https://www.shl.com/products/product-catalog/view/agile-testing-new/,Agile Testing (New),,No,Yes,30,Knowledge & Skills
https://www.shl.com/products/product-catalog/view/ai-skills/,AI Skills,,No,Yes,30,Personality & Behavior
https://www.shl.com/products/product-catalog/view/amazon-web-services-aws-development-new/,Amazon Web Services (AWS) Development (New),,No,Yes,30,Knowledge & Skills
https://www.shl.com/products/product-catalog/view/android-development-new/,Android Development (New),,No,Yes,30,Knowledge & Skills
https://www.shl.com/products/product-catalog/view/angular-6-new/,Angular 6 (New),,No,Yes,30,Knowledge & Skills
https://www.shl.com/products/product-catalog/view/angularjs-new/,AngularJS (New),,No,Yes,30,Knowledge & Skills
https://www.shl.com/products/product-catalog/view/apache-hadoop-new/,Apache Hadoop (New),,No,Yes,30,Knowledge & Skills
https://www.shl.com/products/product-catalog/view/apache-hadoop-extensions-new/,Apache Hadoop Extensions (New),,No,Yes,30,Knowledge & Skills
https://www.shl.com/products/product-catalog/view/apache-hbase-new/,Apache HBase (New),,No,Yes,30,Knowledge & Skills
https://www.shl.com/products/product-catalog/view/apache-hive-new/,Apache Hive (New),,No,Yes,30,Knowledge & Skills
https://www.shl.com/products/product-catalog/view/apache-kafka-new/,Apache Kafka (New),,No,Yes,30,Knowledge & Skills
https://www.shl.com/products/product-catalog/view/apache-pig-new/,Apache Pig (New),,No,Yes,30,Knowledge & Skills
https://www.shl.com/products/product-catalog/view/apache-spark-new/,Apache Spark (New),,No,Yes,30,Knowledge & Skills
https://www.shl.com/products/product-catalog/view/asp-net-with-c-new/,ASP .NET with C# (New),,No,Yes,30,Knowledge & Skills
https://www.shl.com/products/product-catalog/view/asp-net-4-5/,ASP.NET 4.5,,Yes,Yes,30,Knowledge & Skills
https://www.shl.com/products/product-catalog/view/assessment-and-development-center-exercises/,Assessment and Development Center Exercises,,No,Yes,30,Assessment Exercises
https://www.shl.com/products/product-catalog/view/automata-fix-new/,Automata - Fix (New),,No,Yes,30,Simulations
https://www.shl.com/products/product-catalog/view/automata-sql-new/,Automata - SQL (New),,No,Yes,30,Simulations
https://www.shl.com/products/product-catalog/view/automata-new/,Automata (New),,No,Yes,30,Simulations
https://www.shl.com/products/product-catalog/view/automata-data-science-new/,Automata Data Science (New),,No,Yes,30,Simulations
https://www.shl.com/products/product-catalog/view/automata-data-science-pro-new/,Automata Data Science Pro (New),,No,Yes,30,Simulations
https://www.shl.com/products/product-catalog/view/automata-front-end/,Automata Front End,,No,Yes,30,Simulations
https://www.shl.com/products/product-catalog/view/automata-pro-new/,Automata Pro (New),,No,Yes,30,Simulations
https://www.shl.com/products/product-catalog/view/automata-selenium/,Automata Selenium,,No,Yes,30,Simulations
https://www.shl.com/products/product-catalog/view/automation-anywhere-rpa-development-new/,Automation Anywhere RPA Development (New),,No,Yes,30,Knowledge & Skills
https://www.shl.com/products/product-catalog/view/automotive-engineering-new/,Automotive Engineering (New),,No,Yes,30,Knowledge & Skills
https://www.shl.com/products/product-catalog/view/basic-biology-new/,Basic Biology (New),,No,Yes,30,Knowledge & Skills
https://www.shl.com/products/product-catalog/view/basic-computer-literacy-windows-10-new/,Basic Computer Literacy (Windows 10) (New),,No,Yes,30,Simulations|Knowledge & Skills
https://www.shl.com/products/product-catalog/view/basic-statistics-new/,Basic Statistics (New),,No,Yes,30,Knowledge & Skills
https://www.shl.com/products/product-catalog/view/biochemistry-new/,Biochemistry (New),,No,Yes,30,Knowledge & Skills
https://www.shl.com/products/product-catalog/view/biotech-lab-techniques-new/,Biotech Lab Techniques (New),,No,Yes,30,Knowledge & Skills
https://www.shl.com/products/product-catalog/view/biztalk-new/,BizTalk (New),,No,Yes,30,Knowledge & Skills
https://www.shl.com/products/product-catalog/view/business-communication-adaptive/,Business Communication (adaptive),,Yes,Yes,30,Knowledge & Skills
https://www.shl.com/products/product-catalog/view/business-communications/,Business Communications,,No,Yes,30,Knowledge & Skills
https://www.shl.com/products/product-catalog/view/c-programming-new/,C Programming (New),,No,Yes,30,Knowledge & Skills
https://www.shl.com/products/product-catalog/view/c-programming-new-4039/,C# Programming (New),,No,Yes,30,Knowledge & Skills
https://www.shl.com/products/product-catalog/view/c-programming-new-4122/,C++ Programming (New),,No,Yes,30,Knowledge & Skills
https://www.shl.com/products/product-catalog/view/cardiology-and-diabetes-management-new/,Cardiology and Diabetes Management (New),,No,Yes,30,Knowledge & Skills
https://www.shl.com/products/product-catalog/view/ceramic-engineering-new/,Ceramic Engineering (New),,No,Yes,30,Knowledge & Skills
https://www.shl.com/products/product-catalog/view/chemical-engineering-new/,Chemical Engineering (New),,No,Yes,30,Knowledge & Skills
https://www.shl.com/products/product-catalog/view/cisco-appdynamics-new/,Cisco AppDynamics (New),,No,Yes,30,Knowledge & Skills
https://www.shl.com/products/product-catalog/view/civil-engineering-new/,Civil Engineering (New),,No,Yes,30,Knowledge & Skills
https://www.shl.com/products/product-catalog/view/cloud-computing-new/,Cloud Computing (New),,No,Yes,30,Knowledge & Skills
https://www.shl.com/products/product-catalog/view/cobol-programming-new/,COBOL Programming (New),,No,Yes,30,Knowledge & Skills
https://www.shl.com/products/product-catalog/view/computer-science-new/,Computer Science (New),,No,Yes,30,Knowledge & Skills
https://www.shl.com/products/product-catalog/view/contact-center-call-simulation-new/,Contact Center Call Simulation (New),,No,Yes,30,Simulations
https://www.shl.com/products/product-catalog/view/conversational-multichat-simulation/,Conversational Multichat Simulation,,No,Yes,30,Simulations
https://www.shl.com/products/product-catalog/view/core-java-advanced-level-new/,Core Java (Advanced Level) (New),,No,Yes,30,Knowledge & Skills
https://www.shl.com/products/product-catalog/view/core-java-entry-level-new/,Core Java (Entry Level) (New),,No,Yes,30,Knowledge & Skills
https://www.shl.com/products/product-catalog/view/count-out-the-money/,Count Out The Money,,Yes,Yes,30,Knowledge & Skills|Simulations
https://www.shl.com/products/product-catalog/view/css3-new/,CSS3 (New),,No,Yes,30,Knowledge & Skills
https://www.shl.com/products/product-catalog/view/culinary-skills-new/,Culinary Skills (New),,No,Yes,30,Knowledge & Skills
https://www.shl.com/products/product-catalog/view/customer-service-phone-simulation/,Customer Service Phone Simulation,,No,Yes,30,Biodata & Situational Judgement|Simulations
https://www.shl.com/products/product-catalog/view/customer-service-phone-solution/,Customer Service Phone Solution,,No,Yes,30,Biodata & Situational Judgement|Personality & Behavior|Simulations
https://www.shl.com/products/product-catalog/view/cyber-risk-new/,Cyber Risk (New),,No,Yes,30,Knowledge & Skills
https://www.shl.com/products/product-catalog/view/data-entry-new/,Data Entry (New),,No,Yes,30,Simulations
https://www.shl.com/products/product-catalog/view/data-entry-alphanumeric-split-screen-us/,Data Entry Alphanumeric Split Screen - US,,No,Yes,30,Knowledge & Skills
https://www.shl.com/products/product-catalog/view/data-entry-numeric-split-screen-us/,Data Entry Numeric Split Screen - US,,No,Yes,30,Knowledge & Skills
https://www.shl.com/products/product-catalog/view/data-entry-ten-key-split-screen/,Data Entry Ten Key Split Screen,,No,Yes,30,Knowledge & Skills
https://www.shl.com/products/product-catalog/view/data-science-new/,Data Science (New),,No,Yes,30,Knowledge & Skills
https://www.shl.com/products/product-catalog/view/data-warehousing-concepts/,Data Warehousing Concepts,,Yes,Yes,30,Knowledge & Skills
https://www.shl.com/products/product-catalog/view/dependability-and-safety-instrument-dsi/,Dependability and Safety Instrument (DSI),,No,Yes,30,Personality & Behavior
https://www.shl.com/products/product-catalog/view/dermatology-new/,Dermatology (New),,No,Yes,30,Knowledge & Skills
https://www.shl.com/products/product-catalog/view/desktop-support-new/,Desktop Support (New),,No,Yes,30,Knowledge & Skills
https://www.shl.com/products/product-catalog/view/digital-advertising-new/,Digital Advertising (New),,No,Yes,30,Knowledge & Skills
https://www.shl.com/products/product-catalog/view/digital-readiness-development-report/,Digital Readiness Development Report - IC,,No,Yes,30,Personality & Behavior
https://www.shl.com/products/product-catalog/view/digital-readiness-development-report-manager/,Digital Readiness Development Report - Manager,,No,Yes,30,Personality & Behavior
https://www.shl.com/products/product-catalog/view/docker-new/,Docker (New),,No,Yes,30,Knowledge & Skills
https://www.shl.com/products/product-catalog/view/dojo-new/,Dojo (New),,No,Yes,30,Knowledge & Skills
https://www.shl.com/products/product-catalog/view/drupal-new/,Drupal (New),,No,Yes,30,Knowledge & Skills
https://www.shl.com/products/product-catalog/view/dsi-v1-1-interpretation-report/,DSI v1.1 Interpretation Report,,No,Yes,30,Personality & Behavior
https://www.shl.com/products/product-catalog/view/econometrics-new/,Econometrics (New),,No,Yes,30,Knowledge & Skills
https://www.shl.com/products/product-catalog/view/economics-new/,Economics (New),,No,Yes,30,Knowledge & Skills
https://www.shl.com/products/product-catalog/view/electrical-and-electronics-engineering-new/,Electrical and Electronics Engineering (New),,No,Yes,30,Knowledge & Skills
https://www.shl.com/products/product-catalog/view/electrical-engineering-new/,Electrical Engineering (New),,No,Yes,30,Knowledge & Skills
https://www.shl.com/products/product-catalog/view/electronics-and-telecommunications-engineering-new/,Electronics & Telecommunications Engineering (New),,No,Yes,30,Knowledge & Skills
https://www.shl.com/products/product-catalog/view/electronics-and-embedded-systems-engineering-new/,Electronics and Embedded Systems Engineering (New),,No,Yes,30,Knowledge & Skills
https://www.shl.com/products/product-catalog/view/electronics-and-semiconductor-engineering-new/,Electronics and Semiconductor Engineering (New),,No,Yes,30,Knowledge & Skills
https://www.shl.com/products/product-catalog/view/english-comprehension-new/,English Comprehension (New),,No,Yes,30,Knowledge & Skills
https://www.shl.com/products/product-catalog/view/enterprise-java-beans-new/,Enterprise Java Beans (New),,No,Yes,30,Knowledge & Skills
https://www.shl.com/products/product-catalog/view/enterprise-leadership-report/,Enterprise Leadership Report 1.0,,No,Yes,30,Personality & Behavior
https://www.shl.com/products/product-catalog/view/enterprise-leadership-report-2-0/,Enterprise Leadership Report 2.0,,No,Yes,30,Personality & Behavior
https://www.shl.com/products/product-catalog/view/entry-level-cashier-solution/,Entry Level Cashier Solution,,No,Yes,30,Competencies|Personality & Behavior
https://www.shl.com/products/product-catalog/view/entry-level-customer-serv-retail-and-contact-center/,Entry Level Customer Serv-Retail & Contact Center,,No,Yes,30,Personality & Behavior|Competencies
https://www.shl.com/products/product-catalog/view/entry-level-customer-service-general-solution/,Entry Level Customer Service (General) Solution,,No,Yes,30,Competencies|Personality & Behavior
https://www.shl.com/products/product-catalog/view/entry-level-hotel-front-desk-solution/,Entry Level Hotel Front Desk Solution,,No,Yes,30,Competencies|Personality & Behavior
https://www.shl.com/products/product-catalog/view/entry-level-sales-solution/,Entry Level Sales Solution,,No,Yes,30,Competencies|Personality & Behavior
https://www.shl.com/products/product-catalog/view/entry-level-technical-support-solution/,Entry Level Technical Support Solution,,No,Yes,30,Personality & Behavior|Competencies
https://www.shl.com/products/product-catalog/view/etl-testing-new/,ETL Testing (New),,No,Yes,30,Knowledge & Skills
https://www.shl.com/products/product-catalog/view/executive-scenarios/,Executive Scenarios,,No,Yes,30,Biodata & Situational Judgement
https://www.shl.com/products/product-catalog/view/executive-scenarios-narrative-report/,Executive Scenarios Narrative Report,,No,Yes,30,Biodata & Situational Judgement
https://www.shl.com/products/product-catalog/view/executive-scenarios-profile-report/,Executive Scenarios Profile Report,,No,Yes,30,Biodata & Situational Judgement
https://www.shl.com/products/product-catalog/view/expressjs-new/,ExpressJS (New),,No,Yes,30,Knowledge & Skills
https://www.shl.com/products/product-catalog/view/filing-names-r1/,Filing - Names (R1),,No,Yes,30,Knowledge & Skills
https://www.shl.com/products/product-catalog/view/filing-numbers/,Filing - Numbers,,No,Yes,30,Knowledge & Skills
https://www.shl.com/products/product-catalog/view/financial-accounting-new/,Financial Accounting (New),,No,Yes,30,Knowledge & Skills
https://www.shl.com/products/product-catalog/view/financial-and-banking-services-new/,Financial and Banking Services (New),,No,Yes,30,Knowledge & Skills
https://www.shl.com/products/product-catalog/view/fire-engineering-new/,Fire Engineering (New),,No,Yes,30,Knowledge & Skills
https://www.shl.com/products/product-catalog/view/following-instructions-v1-uk-r1/,Following Instructions v1 - UK (R1),,No,Yes,30,Knowledge & Skills
https://www.shl.com/products/product-catalog/view/following-instructions-v1-us-r2/,Following Instructions v1 - US (R2),,No,Yes,30,Knowledge & Skills
https://www.shl.com/products/product-catalog/view/food-and-beverage-services-new/,Food and Beverage Services (New),,No,Yes,30,Knowledge & Skills
https://www.shl.com/products/product-catalog/view/food-science-new/,Food Science (New),,No,Yes,30,Knowledge & Skills
https://www.shl.com/products/product-catalog/view/front-office-management-new/,Front Office Management (New),,No,Yes,30,Knowledge & Skills
https://www.shl.com/products/product-catalog/view/fundamentals-of-chemistry-new/,Fundamentals of Chemistry (New),,No,Yes,30,Knowledge & Skills
https://www.shl.com/products/product-catalog/view/fundamentals-of-physics-new/,Fundamentals of Physics (New),,No,Yes,30,Knowledge & Skills
https://www.shl.com/products/product-catalog/view/general-diseases-new/,General Diseases (New),,No,Yes,30,Knowledge & Skills
https://www.shl.com/products/product-catalog/view/geoinformatics-engineering-new/,Geoinformatics Engineering (New),,No,Yes,30,Knowledge & Skills
https://www.shl.com/products/product-catalog/view/geoscience-engineering-new/,Geoscience Engineering (New),,No,Yes,30,Knowledge & Skills
https://www.shl.com/products/product-catalog/view/git-new/,GIT (New),,No,Yes,30,Knowledge & Skills
https://www.shl.com/products/product-catalog/view/global-skills-assessment/,Global Skills Assessment,,No,Yes,30,Competencies|Knowledge & Skills
https://www.shl.com/products/product-catalog/view/graduate-scenarios/,Graduate Scenarios,,No,Yes,30,Biodata & Situational Judgement
https://www.shl.com/products/product-catalog/view/graduate-scenarios-narrative-report/,Graduate Scenarios Narrative Report,,No,Yes,30,Biodata & Situational Judgement
https://www.shl.com/products/product-catalog/view/graduate-scenarios-profile-report/,Graduate Scenarios Profile Report,,No,Yes,30,Biodata & Situational Judgement
https://www.shl.com/products/product-catalog/view/hibernate-new/,Hibernate (New),,No,Yes,30,Knowledge & Skills
https://www.shl.com/products/product-catalog/view/hipaa-security/,HIPAA (Security),,Yes,Yes,30,Knowledge & Skills
https://www.shl.com/products/product-catalog/view/hipo-assessment-report-1-0/,HiPo Assessment Report 1.0,,No,Yes,30,Competencies|Personality & Behavior
https://www.shl.com/products/product-catalog/view/hipo-assessment-report-2-0/,HiPo Assessment Report 2.0,,No,Yes,30,Competencies|Personality & Behavior
https://www.shl.com/products/product-catalog/view/hipo-unlocking-potential-report-2-0/,HiPo Unlocking Potential Report 2.0,,No,Yes,30,Competencies
https://www.shl.com/products/product-catalog/view/housekeeping-new/,Housekeeping (New),,No,Yes,30,Knowledge & Skills
https://www.shl.com/products/product-catalog/view/htmlcss-new/,HTML/CSS (New),,No,Yes,30,Knowledge & Skills
https://www.shl.com/products/product-catalog/view/html5-new/,HTML5 (New),,No,Yes,30,Knowledge & Skills
https://www.shl.com/products/product-catalog/view/human-resources-new/,Human Resources (New),,No,Yes,30,Knowledge & Skills
https://www.shl.com/products/product-catalog/view/ibm-datastage-new/,IBM DataStage (New),,No,Yes,30,Knowledge & Skills
https://www.shl.com/products/product-catalog/view/ibm-sterling-order-management-system-new/,IBM Sterling Order Management System (New),,No,Yes,30,Knowledge & Skills
https://www.shl.com/products/product-catalog/view/industrial-engineering-new/,Industrial Engineering (New),,No,Yes,30,Knowledge & Skills
https://www.shl.com/products/product-catalog/view/informatica-architecture-new/,Informatica (Architecture) (New),,No,Yes,30,Knowledge & Skills
https://www.shl.com/products/product-catalog/view/informatica-developer-new/,Informatica (Developer) (New),,No,Yes,30,Knowledge & Skills
https://www.shl.com/products/product-catalog/view/instrumentation-engineering-new/,Instrumentation Engineering (New),,No,Yes,30,Knowledge & Skills
https://www.shl.com/products/product-catalog/view/interpersonal-communications/,Interpersonal Communications,,Yes,Yes,30,Knowledge & Skills
https://www.shl.com/products/product-catalog/view/interviewing-and-hiring-concepts-u-s/,Interviewing and Hiring Concepts (U.S.),,Yes,Yes,30,Knowledge & Skills
https://www.shl.com/products/product-catalog/view/ios-development-new/,iOS Development (New),,No,Yes,30,Knowledge & Skills
https://www.shl.com/products/product-catalog/view/itil-it-infrastructure-library-new/,ITIL (IT Infrastructure Library) (New),,No,Yes,30,Knowledge & Skills
https://www.shl.com/products/product-catalog/view/java-2-platform-enterprise-edition-1-4-fundamental/,Java 2 Platform Enterprise Edition 1.4 Fundamental,,Yes,Yes,30,Knowledge & Skills
https://www.shl.com/products/product-catalog/view/java-8-new/,Java 8 (New),,No,Yes,30,Knowledge & Skills
https://www.shl.com/products/product-catalog/view/java-design-patterns-new/,Java Design Patterns (New),,No,Yes,30,Knowledge & Skills
https://www.shl.com/products/product-catalog/view/java-frameworks-new/,Java Frameworks (New),,No,Yes,30,Knowledge & Skills
https://www.shl.com/products/product-catalog/view/java-platform-enterprise-edition-7-java-ee-7/,Java Platform Enterprise Edition 7 (Java EE 7),,Yes,Yes,30,Knowledge & Skills
https://www.shl.com/products/product-catalog/view/java-web-services-new/,Java Web Services (New),,No,Yes,30,Knowledge & Skills
https://www.shl.com/products/product-catalog/view/javascript-new/,JavaScript (New),,No,Yes,30,Knowledge & Skills
https://www.shl.com/products/product-catalog/view/jenkins-new/,Jenkins (New),,No,Yes,30,Knowledge & Skills
https://www.shl.com/products/product-catalog/view/job-control-language-new/,Job Control Language (New),,No,Yes,30,Knowledge & Skills
https://www.shl.com/products/product-catalog/view/jquery-new/,jQuery (New),,No,Yes,30,Knowledge & Skills
https://www.shl.com/products/product-catalog/view/kubernetes-new/,Kubernetes (New),,No,Yes,30,Knowledge & Skills
https://www.shl.com/products/product-catalog/view/linux-administration-new/,Linux Administration (New),,No,Yes,30,Knowledge & Skills
https://www.shl.com/products/product-catalog/view/linux-operating-system/,Linux Operating System,,No,Yes,30,Knowledge & Skills
https://www.shl.com/products/product-catalog/view/linux-programming-general/,Linux Programming (General),,Yes,Yes,30,Knowledge & Skills
https://www.shl.com/products/product-catalog/view/load-runner-new/,Load Runner (New),,No,Yes,30,Knowledge & Skills
https://www.shl.com/products/product-catalog/view/management-scenarios/,Management Scenarios,,No,Yes,30,Biodata & Situational Judgement
https://www.shl.com/products/product-catalog/view/managerial-scenarios-candidate-report/,Managerial Scenarios Candidate Report,,No,Yes,30,Biodata & Situational Judgement
https://www.shl.com/products/product-catalog/view/managerial-scenarios-narrative-report/,Managerial Scenarios Narrative Report,,No,Yes,30,Biodata & Situational Judgement
https://www.shl.com/products/product-catalog/view/managerial-scenarios-profile-report/,Managerial Scenarios Profile Report,,No,Yes,30,Biodata & Situational Judgement
https://www.shl.com/products/product-catalog/view/manual-testing-new/,Manual Testing (New),,No,Yes,30,Knowledge & Skills
https://www.shl.com/products/product-catalog/view/mechanical-and-vigilance-focus-8-0/,Manufac. & Indust. - Mechanical & Vigilance 8.0,,No,Yes,30,Ability & Aptitude|Personality & Behavior
https://www.shl.com/products/product-catalog/view/safety-and-dependability-focus-8-0/,Manufac. & Indust. - Safety & Dependability 8.0,,No,Yes,30,Personality & Behavior
https://www.shl.com/products/product-catalog/view/essential-focus-8-0/,Manufacturing & Industrial - Essential Focus 8.0,,No,Yes,30,Personality & Behavior
https://www.shl.com/products/product-catalog/view/mechanical-focus-8-0/,Manufacturing & Industrial - Mechanical Focus 8.0,,No,Yes,30,Ability & Aptitude|Personality & Behavior
https://www.shl.com/products/product-catalog/view/vigilance-focus-8-0/,Manufacturing & Industrial - Vigilance Focus 8.0,,No,Yes,30,Ability & Aptitude|Personality & Behavior
https://www.shl.com/products/product-catalog/view/marketing-new/,Marketing (New),,No,Yes,30,Knowledge & Skills
https://www.shl.com/products/product-catalog/view/maven-new/,Maven (New),,No,Yes,30,Knowledge & Skills
https://www.shl.com/products/product-catalog/view/mechanical-engineering-new/,Mechanical Engineering (New),,No,Yes,30,Knowledge & Skills
https://www.shl.com/products/product-catalog/view/mechatronics-engineering-new/,Mechatronics Engineering (New),,No,Yes,30,Knowledge & Skills
https://www.shl.com/products/product-catalog/view/medical-terminology-new/,Medical Terminology (New),,No,Yes,30,Knowledge & Skills
https://www.shl.com/products/product-catalog/view/metallurgical-engineering-new/,Metallurgical Engineering (New),,No,Yes,30,Knowledge & Skills
https://www.shl.com/products/product-catalog/view/mfs-360-enterprise-leadership-report/,MFS 360 Enterprise Leadership Report,,No,Yes,30,Development & 360
https://www.shl.com/products/product-catalog/view/mfs-360-ucf-group-report/,MFS 360 UCF Group Report,,No,Yes,30,Development & 360
https://www.shl.com/products/product-catalog/view/mfs-360-ucf-performance-potential-dev-tips-report/,MFS 360 UCF Performance Potential Dev Tips Report,,No,Yes,30,Development & 360
https://www.shl.com/products/product-catalog/view/mfs-360-ucf-standard-report/,MFS 360 UCF Standard Report,,No,Yes,30,Development & 360
https://www.shl.com/products/product-catalog/view/micro-focus-unified-functional-testing-new/,Micro Focus Unified Functional Testing (New),,No,Yes,30,Knowledge & Skills
https://www.shl.com/products/product-catalog/view/microservices-new/,Microservices (New),,No,Yes,30,Knowledge & Skills
https://www.shl.com/products/product-catalog/view/microsoft-dynamics-development-new/,Microsoft Dynamics Development (New),,No,Yes,30,Knowledge & Skills
https://www.shl.com/products/product-catalog/view/microsoft-excel-365-essentials-new/,Microsoft Excel 365 - Essentials (New),,No,Yes,30,Knowledge & Skills|Simulations
https://www.shl.com/products/product-catalog/view/microsoft-excel-365-new/,Microsoft Excel 365 (New),,No,Yes,30,Knowledge & Skills|Simulations
https://www.shl.com/products/product-catalog/view/microsoft-outlook-2013-adaptive/,Microsoft Outlook 2013 (adaptive),,Yes,Yes,30,Knowledge & Skills
https://www.shl.com/products/product-catalog/view/microsoft-powerpoint-365-essentials-new/,Microsoft PowerPoint 365 - Essentials (New),,No,Yes,30,Knowledge & Skills|Simulations
https://www.shl.com/products/product-catalog/view/microsoft-sql-server-2014-programming/,Microsoft SQL Server 2014 Programming,,Yes,Yes,30,Knowledge & Skills
https://www.shl.com/products/product-catalog/view/microsoft-windows-server-2012-administration/,Microsoft Windows Server 2012 Administration,,Yes,Yes,30,Knowledge & Skills
https://www.shl.com/products/product-catalog/view/microsoft-word-365-essentials-new/,Microsoft Word 365 - Essentials (New),,No,Yes,30,Knowledge & Skills|Simulations
https://www.shl.com/products/product-catalog/view/microsoft-word-365-new/,Microsoft Word 365 (New),,No,Yes,30,Simulations|Knowledge & Skills
https://www.shl.com/products/product-catalog/view/mineral-engineering-new/,Mineral Engineering (New),,No,Yes,30,Knowledge & Skills
https://www.shl.com/products/product-catalog/view/mining-engineering-new/,Mining Engineering (New),,No,Yes,30,Knowledge & Skills
https://www.shl.com/products/product-catalog/view/mobility-new/,Mobility (New),,No,Yes,30,Knowledge & Skills
https://www.shl.com/products/product-catalog/view/molecular-biology-new/,Molecular Biology (New),,No,Yes,30,Knowledge & Skills
https://www.shl.com/products/product-catalog/view/mongodb-new/,MongoDB (New),,No,Yes,30,Knowledge & Skills
https://www.shl.com/products/product-catalog/view/motivation-questionnaire-mqm5/,Motivation Questionnaire MQM5,,No,Yes,30,Personality & Behavior
https://www.shl.com/products/product-catalog/view/mq-candidate-motivation-report/,MQ Candidate Motivation Report,,No,Yes,30,Personality & Behavior
https://www.shl.com/products/product-catalog/view/mq-employee-motivation-report/,MQ Employee Motivation Report,,No,Yes,30,Personality & Behavior
https://www.shl.com/products/product-catalog/view/mq-motivation-report-pack/,MQ Motivation Report Pack,,No,Yes,30,Personality & Behavior
https://www.shl.com/products/product-catalog/view/mq-profile/,MQ Profile,,No,Yes,30,Personality & Behavior
https://www.shl.com/products/product-catalog/view/ms-access-new/,MS Access (New),,No,Yes,30,Knowledge & Skills
https://www.shl.com/products/product-catalog/view/ms-excel-new/,MS Excel (New),,No,Yes,30,Knowledge & Skills
https://www.shl.com/products/product-catalog/view/ms-office-basic-computer-literacy-new/,MS Office Basic Computer Literacy (New),,No,Yes,30,Knowledge & Skills
https://www.shl.com/products/product-catalog/view/ms-office-basic-computer-literacy-sim-new/,MS Office Basic Computer Literacy (Sim) (New),,No,Yes,30,Simulations
https://www.shl.com/products/product-catalog/view/ms-powerpoint-new/,MS PowerPoint (New),,No,Yes,30,Knowledge & Skills
https://www.shl.com/products/product-catalog/view/ms-word-new/,MS Word (New),,No,Yes,30,Knowledge & Skills
https://www.shl.com/products/product-catalog/view/mulesoft-development-new/,MuleSoft Development (New),,No,Yes,30,Knowledge & Skills
https://www.shl.com/products/product-catalog/view/multitasking-ability/,Multitasking Ability,,No,Yes,30,Ability & Aptitude|Knowledge & Skills|Simulations
https://www.shl.com/products/product-catalog/view/networking-and-implementation-new/,Networking and Implementation (New),,No,Yes,30,Knowledge & Skills
https://www.shl.com/products/product-catalog/view/node-js-new/,Node.js (New),,No,Yes,30,Knowledge & Skills
https://www.shl.com/products/product-catalog/view/nursing-new/,Nursing (New),,No,Yes,30,Knowledge & Skills
https://www.shl.com/products/product-catalog/view/occupational-personality-questionnaire-opq32r/,Occupational Personality Questionnaire OPQ32r,,No,Yes,30,Personality & Behavior
https://www.shl.com/products/product-catalog/view/operations-management-new/,Operations Management (New),,No,Yes,30,Knowledge & Skills
https://www.shl.com/products/product-catalog/view/opq-candidate-plus-report/,OPQ Candidate Plus Report,,No,Yes,30,Personality & Behavior
https://www.shl.com/products/product-catalog/view/opq-candidate-report-2-0/,OPQ Candidate Report 2.0,,No,Yes,30,Personality & Behavior
https://www.shl.com/products/product-catalog/view/opq-emotional-intelligence-report/,OPQ Emotional Intelligence Report,,No,Yes,30,Personality & Behavior
https://www.shl.com/products/product-catalog/view/opq-leadership-report/,OPQ Leadership Report,,No,Yes,30,Personality & Behavior
https://www.shl.com/products/product-catalog/view/opq-manager-plus-report/,OPQ Manager Plus Report,,No,Yes,30,Personality & Behavior
https://www.shl.com/products/product-catalog/view/opq-manager-plus-report-2-0/,OPQ Manager Plus Report 2.0,,No,Yes,30,Personality & Behavior
https://www.shl.com/products/product-catalog/view/opq-maximising-your-learning-report/,OPQ Maximising your Learning Report,,No,Yes,30,Personality & Behavior
https://www.shl.com/products/product-catalog/view/opq-mq-sales-report/,OPQ MQ Sales Report,,No,Yes,30,Personality & Behavior
https://www.shl.com/products/product-catalog/view/opq-premium-plus-report/,OPQ Premium Plus Report,,No,Yes,30,Personality & Behavior
https://www.shl.com/products/product-catalog/view/opq-premium-plus-report-2-0/,OPQ Premium Plus Report 2.0,,No,Yes,30,Personality & Behavior
https://www.shl.com/products/product-catalog/view/opq-profile-report/,OPQ Profile Report,,No,Yes,30,Personality & Behavior
https://www.shl.com/products/product-catalog/view/opq-team-impact-group-development-report/,OPQ Team Impact Group Development Report,,No,Yes,30,Personality & Behavior
https://www.shl.com/products/product-catalog/view/opq-team-impact-individual-development-report/,OPQ Team Impact Individual Development Report,,No,Yes,30,Personality & Behavior
https://www.shl.com/products/product-catalog/view/opq-team-impact-selection-report/,OPQ Team Impact Selection Report,,No,Yes,30,Personality & Behavior
https://www.shl.com/products/product-catalog/view/opq-team-types-and-leadership-styles-profile/,OPQ Team Types & Leadership Styles Profile,,No,Yes,30,Personality & Behavior
https://www.shl.com/products/product-catalog/view/opq-team-types-and-leadership-styles-report/,OPQ Team Types and Leadership Styles Report,,No,Yes,30,Personality & Behavior
https://www.shl.com/products/product-catalog/view/opq-ucf-development-action-planner-report/,OPQ UCF Development Action Planner Report 1.0,,No,Yes,30,Personality & Behavior
https://www.shl.com/products/product-catalog/view/opq-ucf-development-action-planner-report-2-0/,OPQ UCF Development Action Planner Report 2.0,,No,Yes,30,Personality & Behavior
https://www.shl.com/products/product-catalog/view/opq-universal-competency-report/,OPQ Universal Competency Report 1.0,,No,Yes,30,Personality & Behavior
https://www.shl.com/products/product-catalog/view/opq-universal-competency-report-2-0/,OPQ Universal Competency Report 2.0,,No,Yes,30,Personality & Behavior
https://www.shl.com/products/product-catalog/view/opq-user-and-managers-report/,OPQ User and Managers Report,,No,Yes,30,Personality & Behavior
https://www.shl.com/products/product-catalog/view/opq-user-report/,OPQ User Report,,No,Yes,30,Personality & Behavior|Simulations
https://www.shl.com/products/product-catalog/view/oracle-dba-advanced-level-new/,Oracle DBA (Advanced Level) (New),,No,Yes,30,Knowledge & Skills
https://www.shl.com/products/product-catalog/view/oracle-dba-entry-level-new/,Oracle DBA (Entry Level) (New),,No,Yes,30,Knowledge & Skills
https://www.shl.com/products/product-catalog/view/oracle-plsql-new/,Oracle PL/SQL (New),,No,Yes,30,Knowledge & Skills
https://www.shl.com/products/product-catalog/view/oracle-weblogic-server-new/,Oracle WebLogic Server (New),,No,Yes,30,Knowledge & Skills
https://www.shl.com/products/product-catalog/view/organic-chemistry-new/,Organic Chemistry (New),,No,Yes,30,Knowledge & Skills
https://www.shl.com/products/product-catalog/view/paint-technology-new/,Paint Technology (New),,No,Yes,30,Knowledge & Skills
https://www.shl.com/products/product-catalog/view/pediatrics-new/,Pediatrics (New),,No,Yes,30,Knowledge & Skills
https://www.shl.com/products/product-catalog/view/pega-development-new/,Pega Development (New),,No,Yes,30,Knowledge & Skills
https://www.shl.com/products/product-catalog/view/perl-new/,Perl (New),,No,Yes,30,Knowledge & Skills
https://www.shl.com/products/product-catalog/view/petrochemical-engineering-new/,Petrochemical Engineering (New),,No,Yes,30,Knowledge & Skills
https://www.shl.com/products/product-catalog/view/petroleum-engineering-new/,Petroleum Engineering (New),,No,Yes,30,Knowledge & Skills
https://www.shl.com/products/product-catalog/view/pharmaceutical-analysis-new/,Pharmaceutical Analysis (New),,No,Yes,30,Knowledge & Skills
https://www.shl.com/products/product-catalog/view/pharmaceutical-chemistry-new/,Pharmaceutical Chemistry (New),,No,Yes,30,Knowledge & Skills
https://www.shl.com/products/product-catalog/view/pharmaceutical-science-new/,Pharmaceutical Science (New),,No,Yes,30,Knowledge & Skills
https://www.shl.com/products/product-catalog/view/pharmaceutics-new/,Pharmaceutics (New),,No,Yes,30,Knowledge & Skills
https://www.shl.com/products/product-catalog/view/pharmacology-new/,Pharmacology (New),,No,Yes,30,Knowledge & Skills
https://www.shl.com/products/product-catalog/view/php-new/,PHP (New),,No,Yes,30,Knowledge & Skills
https://www.shl.com/products/product-catalog/view/pjm-development-report/,PJM Development Report,,No,Yes,30,Competencies|Ability & Aptitude|Personality & Behavior
https://www.shl.com/products/product-catalog/view/pjm-selection-report/,PJM Selection Report,,No,Yes,30,Ability & Aptitude|Competencies|Personality & Behavior
https://www.shl.com/products/product-catalog/view/polymer-engineering-new/,Polymer Engineering (New),,No,Yes,30,Knowledge & Skills
https://www.shl.com/products/product-catalog/view/power-electronics-and-drives-new/,Power Electronics and Drives (New),,No,Yes,30,Knowledge & Skills
https://www.shl.com/products/product-catalog/view/power-system-engineering-new/,Power System Engineering (New),,No,Yes,30,Knowledge & Skills
https://www.shl.com/products/product-catalog/view/prism-new/,Prism (New),,No,Yes,30,Knowledge & Skills
https://www.shl.com/products/product-catalog/view/production-and-industrial-engineering-new/,Production and Industrial Engineering (New),,No,Yes,30,Knowledge & Skills
https://www.shl.com/products/product-catalog/view/production-engineering-new/,Production Engineering (New),,No,Yes,30,Knowledge & Skills
https://www.shl.com/products/product-catalog/view/programming-concepts/,Programming Concepts,,Yes,Yes,30,Knowledge & Skills
https://www.shl.com/products/product-catalog/view/project-management-2013/,Project Management (2013),,Yes,Yes,30,Knowledge & Skills
https://www.shl.com/products/product-catalog/view/proofreading-v1/,Proofreading v1,,No,Yes,30,Knowledge & Skills
https://www.shl.com/products/product-catalog/view/python-new/,Python (New),,No,Yes,30,Knowledge & Skills
https://www.shl.com/products/product-catalog/view/r-programming-new/,R Programming (New),,No,Yes,30,Knowledge & Skills
https://www.shl.com/products/product-catalog/view/reactjs-new/,ReactJS (New),,No,Yes,30,Knowledge & Skills
https://www.shl.com/products/product-catalog/view/reading-comprehension-english-v1/,Reading Comprehension - English v1,,Yes,Yes,30,Ability & Aptitude
https://www.shl.com/products/product-catalog/view/reading-comprehension-spanish-v1/,Reading Comprehension - Spanish v1,,Yes,Yes,30,Ability & Aptitude
https://www.shl.com/products/product-catalog/view/reading-comprehension-v2/,Reading Comprehension v2,,Yes,Yes,30,Ability & Aptitude
https://www.shl.com/products/product-catalog/view/remoteworkq/,RemoteWorkQ,,No,Yes,30,Competencies
https://www.shl.com/products/product-catalog/view/remoteworkq-manager-report/,RemoteWorkQ Manager Report,,No,Yes,30,Competencies
https://www.shl.com/products/product-catalog/view/remoteworkq-participant-report/,RemoteWorkQ Participant Report,,No,Yes,30,Competencies
https://www.shl.com/products/product-catalog/view/restful-web-services-new/,RESTful Web Services (New),,No,Yes,30,Knowledge & Skills
https://www.shl.com/products/product-catalog/view/retail-sales-and-service-simulation/,Retail Sales and Service Simulation,,No,Yes,30,Biodata & Situational Judgement|Knowledge & Skills|Simulations|Ability & Aptitude
https://www.shl.com/products/product-catalog/view/reviewing-forms-us-r1/,Reviewing Forms - US (R1),,No,Yes,30,Knowledge & Skills
https://www.shl.com/products/product-catalog/view/ruby-new/,Ruby (New),,No,Yes,30,Knowledge & Skills
https://www.shl.com/products/product-catalog/view/ruby-on-rails-new/,Ruby on Rails (New),,No,Yes,30,Knowledge & Skills
https://www.shl.com/products/product-catalog/view/sales-and-service-phone-simulation/,Sales & Service Phone Simulation,,No,Yes,30,Simulations|Biodata & Situational Judgement
https://www.shl.com/products/product-catalog/view/sales-and-service-phone-solution/,Sales & Service Phone Solution,,No,Yes,30,Biodata & Situational Judgement|Personality & Behavior|Simulations
https://www.shl.com/products/product-catalog/view/sales-interview-guide/,Sales Interview Guide,,No,Yes,30,Personality & Behavior|Personality & Behavior
https://www.shl.com/products/product-catalog/view/sales-profiler-cards/,Sales Profiler Cards,,No,Yes,30,Personality & Behavior
https://www.shl.com/products/product-catalog/view/sales-transformation-report-individual-contributor/,Sales Transformation 1.0 - Individual Contributor,,No,Yes,30,Personality & Behavior
https://www.shl.com/products/product-catalog/view/salestransformationreport2-0-individualcontributor/,Sales Transformation 2.0 - Individual Contributor,,No,Yes,30,Personality & Behavior
https://www.shl.com/products/product-catalog/view/sales-transformation-report-sales-manager/,Sales Transformation Report 1.0 - Sales Manager,,No,Yes,30,Personality & Behavior
https://www.shl.com/products/product-catalog/view/sales-transformation-report-2-0-sales-manager/,Sales Transformation Report 2.0 - Sales Manager,,No,Yes,30,Personality & Behavior
https://www.shl.com/products/product-catalog/view/salesforce-development-new/,Salesforce Development (New),,No,Yes,30,Knowledge & Skills
https://www.shl.com/products/product-catalog/view/sap-abap-advanced-level-new/,SAP ABAP (Advanced Level) (New),,No,Yes,30,Knowledge & Skills
https://www.shl.com/products/product-catalog/view/sap-abap-intermediate-level-new/,SAP ABAP (Intermediate Level) (New),,No,Yes,30,Knowledge & Skills
https://www.shl.com/products/product-catalog/view/sap-basis-new/,SAP Basis (New),,No,Yes,30,Knowledge & Skills
https://www.shl.com/products/product-catalog/view/sap-business-objects-webi-new/,SAP Business Objects WebI (New),,No,Yes,30,Knowledge & Skills
https://www.shl.com/products/product-catalog/view/sap-bw-business-warehouse-new/,SAP BW (Business Warehouse) (New),,No,Yes,30,Knowledge & Skills
https://www.shl.com/products/product-catalog/view/sap-hcm-human-capital-management-new/,SAP HCM (Human Capital Management) (New),,No,Yes,30,Knowledge & Skills
https://www.shl.com/products/product-catalog/view/sap-hybris-new/,SAP Hybris (New),,No,Yes,30,Knowledge & Skills
https://www.shl.com/products/product-catalog/view/sap-materials-management-new/,SAP Materials Management (New),,No,Yes,30,Knowledge & Skills
https://www.shl.com/products/product-catalog/view/sap-sd-sales-and-distribution-new/,SAP SD (Sales and Distribution) (New),,No,Yes,30,Knowledge & Skills
https://www.shl.com/products/product-catalog/view/search-engine-optimization-new/,Search Engine Optimization (New),,No,Yes,30,Knowledge & Skills
https://www.shl.com/products/product-catalog/view/selenium-new/,Selenium (New),,No,Yes,30,Knowledge & Skills
https://www.shl.com/products/product-catalog/view/shell-scripting-new/,Shell Scripting (New),,No,Yes,30,Knowledge & Skills
https://www.shl.com/products/product-catalog/view/shl-verify-interactive-inductive-reasoning/,SHL Verify Interactive - Inductive Reasoning,,Yes,Yes,30,Ability & Aptitude|Simulations
https://www.shl.com/products/product-catalog/view/shl-verify-interactive-deductive-reasoning/,SHL Verify Interactive – Deductive Reasoning,,Yes,Yes,30,Ability & Aptitude|Simulations
https://www.shl.com/products/product-catalog/view/shl-verify-interactive-numerical-reasoning/,SHL Verify Interactive – Numerical Reasoning,,Yes,Yes,30,Ability & Aptitude|Simulations
https://www.shl.com/products/product-catalog/view/shl-verify-interactive-g/,SHL Verify Interactive G+,,Yes,Yes,30,Ability & Aptitude
https://www.shl.com/products/product-catalog/view/shl-verify-interactive-numerical-calculation/,SHL Verify Interactive Numerical Calculation,,Yes,Yes,30,Ability & Aptitude
https://www.shl.com/products/product-catalog/view/siebel-development-new/,Siebel Development (New),,No,Yes,30,Knowledge & Skills
https://www.shl.com/products/product-catalog/view/smart-interview-live/,Smart Interview Live,,No,Yes,30,Personality & Behavior
https://www.shl.com/products/product-catalog/view/smart-interview-live-coding/,Smart Interview Live Coding,,No,Yes,30,Knowledge & Skills
https://www.shl.com/products/product-catalog/view/smart-interview-on-demand/,Smart Interview On Demand,,No,Yes,30,Personality & Behavior
https://www.shl.com/products/product-catalog/view/social-media-new/,Social Media (New),,No,Yes,30,Knowledge & Skills
https://www.shl.com/products/product-catalog/view/software-business-analysis/,Software Business Analysis,,Yes,Yes,30,Knowledge & Skills
https://www.shl.com/products/product-catalog/view/sonarqube-new/,SonarQube (New),,No,Yes,30,Knowledge & Skills
https://www.shl.com/products/product-catalog/view/spelling-u-s-new/,Spelling (U.S.) (New),,No,Yes,30,Knowledge & Skills
https://www.shl.com/products/product-catalog/view/split-screen-typing-test-form-1/,Split Screen Typing Test - Form 1,,No,Yes,30,Ability & Aptitude|Knowledge & Skills
https://www.shl.com/products/product-catalog/view/spring-new/,Spring (New),,No,Yes,30,Knowledge & Skills
https://www.shl.com/products/product-catalog/view/sql-new/,SQL (New),,No,Yes,30,Knowledge & Skills
https://www.shl.com/products/product-catalog/view/sql-server-new/,SQL Server (New),,No,Yes,30,Knowledge & Skills
https://www.shl.com/products/product-catalog/view/sql-server-analysis-services-%28ssas%29-%28new%29/,SQL Server Analysis Services (SSAS) (New),,No,Yes,30,Knowledge & Skills
https://www.shl.com/products/product-catalog/view/sql-server-integration-services-ssis-new/,SQL Server Integration Services (SSIS) (New),,No,Yes,30,Knowledge & Skills
https://www.shl.com/products/product-catalog/view/sql-server-reporting-services-ssrs-new/,SQL Server Reporting Services (SSRS) (New),,No,Yes,30,Knowledge & Skills
https://www.shl.com/products/product-catalog/view/statistical-analysis-system-new/,Statistical Analysis System (New),,No,Yes,30,Knowledge & Skills
https://www.shl.com/products/product-catalog/view/struts-new/,Struts (New),,No,Yes,30,Knowledge & Skills
https://www.shl.com/products/product-catalog/view/svar-spoken-english-aus/,SVAR - Spoken English (AUS),,No,Yes,30,Simulations
https://www.shl.com/products/product-catalog/view/svar-spoken-english-indian-accent-new/,SVAR - Spoken English (Indian Accent)  (New),,No,Yes,30,Simulations
https://www.shl.com/products/product-catalog/view/svar-spoken-english-u-k/,SVAR - Spoken English (U.K.),,No,Yes,30,Simulations
https://www.shl.com/products/product-catalog/view/svar-spoken-english-us-new/,SVAR - Spoken English (US)  (New),,No,Yes,30,Simulations
https://www.shl.com/products/product-catalog/view/svar-spoken-french-canadian-new/,SVAR - Spoken French (Canadian) (New),,No,Yes,30,Simulations
https://www.shl.com/products/product-catalog/view/svar-spoken-french-european-new/,SVAR - Spoken French (European) (New),,No,Yes,30,Simulations
https://www.shl.com/products/product-catalog/view/svar-spoken-spanish-castilian-new/,SVAR - Spoken Spanish (Castilian) (New),,No,Yes,30,Simulations
https://www.shl.com/products/product-catalog/view/svar-spoken-spanish-north-american-new/,SVAR - Spoken Spanish (North American) (New),,No,Yes,30,Simulations
https://www.shl.com/products/product-catalog/view/swing-new/,Swing (New),,No,Yes,30,Knowledge & Skills
https://www.shl.com/products/product-catalog/view/tableau-new/,Tableau (New),,No,Yes,30,Knowledge & Skills
https://www.shl.com/products/product-catalog/view/telecommunications-engineering-new/,Telecommunications Engineering (New),,No,Yes,30,Knowledge & Skills
https://www.shl.com/products/product-catalog/view/teradata-development-new/,Teradata Development (New),,No,Yes,30,Knowledge & Skills
https://www.shl.com/products/product-catalog/view/time-management-u-s/,Time Management (U.S.),,Yes,Yes,30,Knowledge & Skills
https://www.shl.com/products/product-catalog/view/training-development/,Training Development,,Yes,Yes,30,Knowledge & Skills
https://www.shl.com/products/product-catalog/view/typing-new/,Typing (New),,No,Yes,30,Simulations
https://www.shl.com/products/product-catalog/view/uipath-rpa-development-new/,UiPath RPA Development (New),,No,Yes,30,Knowledge & Skills
https://www.shl.com/products/product-catalog/view/universal-competency-framework-interview-guide/,Universal Competency Framework Interview Guide,,No,Yes,30,Competencies|Personality & Behavior
https://www.shl.com/products/product-catalog/view/universal-competency-framework-job-profiling-guide/,Universal Competency Framework Job profiling guide,,No,Yes,30,Competencies|Personality & Behavior
https://www.shl.com/products/product-catalog/view/universal-competency-framework-profiler-cards-44/,Universal Competency Framework Profiler Cards (44),,No,Yes,30,Competencies|Personality & Behavior
https://www.shl.com/products/product-catalog/view/unix-new/,UNIX (New),,No,Yes,30,Knowledge & Skills
https://www.shl.com/products/product-catalog/view/vb-net-new/,VB.NET (New),,No,Yes,30,Knowledge & Skills
https://www.shl.com/products/product-catalog/view/verify-deductive-reasoning/,Verify - Deductive Reasoning,,Yes,Yes,30,Ability & Aptitude
https://www.shl.com/products/product-catalog/view/verify-following-instructions/,Verify - Following Instructions,,No,Yes,30,Ability & Aptitude
https://www.shl.com/products/product-catalog/view/verify-g/,Verify - G+,,Yes,Yes,30,Ability & Aptitude
https://www.shl.com/products/product-catalog/view/verify-general-ability-screen/,Verify - General Ability Screen,,Yes,Yes,30,Ability & Aptitude
https://www.shl.com/products/product-catalog/view/verify-inductive-reasoning-2014/,Verify - Inductive Reasoning (2014),,Yes,Yes,30,Ability & Aptitude
https://www.shl.com/products/product-catalog/view/verify-numerical-ability/,Verify - Numerical Ability,,Yes,Yes,30,Ability & Aptitude
https://www.shl.com/products/product-catalog/view/verify-technical-checking-next-generation/,Verify - Technical Checking - Next Generation,,No,Yes,30,Ability & Aptitude
https://www.shl.com/products/product-catalog/view/verify-verbal-ability-next-generation/,Verify - Verbal Ability - Next Generation,,Yes,Yes,30,Ability & Aptitude
https://www.shl.com/products/product-catalog/view/verify-working-with-information/,Verify - Working with Information,,No,Yes,30,Ability & Aptitude
https://www.shl.com/products/product-catalog/view/verify-g-ability-test-report/,Verify G+ - Ability Test Report,,No,Yes,30,Ability & Aptitude
https://www.shl.com/products/product-catalog/view/verify-g-candidate-report/,Verify G+ - Candidate Report,,No,Yes,30,Ability & Aptitude
https://www.shl.com/products/product-catalog/view/verify-interactive-ability-report/,Verify Interactive Ability Report,,No,Yes,30,Ability & Aptitude
https://www.shl.com/products/product-catalog/view/verify-interactive-g-candidate-report/,Verify Interactive G+ Candidate Report,,No,Yes,30,Ability & Aptitude
https://www.shl.com/products/product-catalog/view/verify-interactive-g-report/,Verify Interactive G+ Report,,No,Yes,30,Ability & Aptitude
https://www.shl.com/products/product-catalog/view/verify-interactive-process-monitoring/,Verify Interactive Process Monitoring,,No,Yes,30,Ability & Aptitude
https://www.shl.com/products/product-catalog/view/virtual-assessment-and-development-centers/,Virtual Assessment and Development Centers,,No,Yes,30,Personality & Behavior
https://www.shl.com/products/product-catalog/view/visual-basic-for-applications-new/,Visual Basic for Applications (New),,No,Yes,30,Knowledge & Skills
https://www.shl.com/products/product-catalog/view/visual-comparison-uk/,Visual Comparison - UK,,No,Yes,30,Knowledge & Skills
https://www.shl.com/products/product-catalog/view/visual-comparison-us/,Visual Comparison - US,,No,Yes,30,Knowledge & Skills
https://www.shl.com/products/product-catalog/view/vlsi-and-embedded-systems-new/,VLSI and Embedded Systems (New),,No,Yes,30,Knowledge & Skills
https://www.shl.com/products/product-catalog/view/what-is-the-value-us/,What Is The Value - US,,Yes,Yes,30,Knowledge & Skills
https://www.shl.com/products/product-catalog/view/workplace-administration-skills-new/,Workplace Administration Skills (New),,No,Yes,30,Knowledge & Skills
https://www.shl.com/products/product-catalog/view/workplace-health-and-safety-new/,Workplace Health and Safety (New),,No,Yes,30,Knowledge & Skills
https://www.shl.com/products/product-catalog/view/writex-email-writing-customer-service-new/,WriteX - Email Writing (Customer Service) (New),,No,Yes,30,Simulations
https://www.shl.com/products/product-catalog/view/writex-email-writing-managerial-new/,WriteX - Email Writing (Managerial) (New),,No,Yes,30,Simulations
https://www.shl.com/products/product-catalog/view/writex-email-writing-sales-new/,WriteX - Email Writing (Sales) (New),,No,Yes,30,Biodata & Situational Judgement|Simulations
https://www.shl.com/products/product-catalog/view/written-english-v1/,Written English v1,,Yes,Yes,30,Knowledge & Skills
https://www.shl.com/products/product-catalog/view/written-spanish/,Written Spanish,,Yes,Yes,30,Knowledge & Skills
https://www.shl.com/products/product-catalog/view/zabbix-new/,Zabbix (New),,No,Yes,30,Knowledge & Skills
https://www.shl.com/products/product-catalog/view/360-digital-report/,360 Digital Report,,No,Yes,30,Development & 360
https://www.shl.com/products/product-catalog/view/360-multi-rater-feedback-system-mfs/,360° Multi-Rater Feedback System (MFS),,No,Yes,30,Development & 360|Personality & Behavior
